utc_date,family,horizon_s,root_filled,observed,positive_after_cost,net_sum_fixed_horizon_usd,mean_net_usd
2026-01-01,CALENDAR_NULL,10,8,8,0,-10.114,-1.26425
2026-01-01,CALENDAR_NULL,30,8,4,1,-5.144,-1.286
2026-01-02,CALENDAR_NULL,10,261,240,19,-272.004,-1.13335
2026-01-02,CALENDAR_NULL,30,261,241,51,-247.427,-1.026668
2026-01-04,CALENDAR_NULL,10,22,21,0,-33.587,-1.599381
2026-01-04,CALENDAR_NULL,30,22,18,4,-28.929,-1.607167
2026-01-05,CALENDAR_NULL,10,295,273,26,-299.117,-1.095667
2026-01-05,CALENDAR_NULL,30,295,269,61,-265.72,-0.987807
2026-01-06,CALENDAR_NULL,10,266,251,18,-256.086,-1.020263
2026-01-06,CALENDAR_NULL,30,266,248,46,-244.906,-0.987524
2026-01-07,CALENDAR_NULL,10,295,277,25,-287.356,-1.037386
2026-01-07,CALENDAR_NULL,30,295,271,53,-287.238,-1.059919
2026-01-08,CALENDAR_NULL,10,317,299,22,-303.996,-1.016709
2026-01-08,CALENDAR_NULL,30,317,295,60,-304.268,-1.031417
2026-01-09,CALENDAR_NULL,10,259,245,17,-264.844,-1.080996
2026-01-09,CALENDAR_NULL,30,259,241,43,-250.798,-1.040656
2026-01-11,CALENDAR_NULL,10,14,14,0,-17.619,-1.2585
2026-01-11,CALENDAR_NULL,30,14,12,0,-12.842,-1.070167
2026-01-12,CALENDAR_NULL,10,352,334,24,-331.883,-0.993662
2026-01-12,CALENDAR_NULL,30,352,340,75,-296.654,-0.872512
2026-01-13,CALENDAR_NULL,10,323,307,35,-307.132,-1.00043
2026-01-13,CALENDAR_NULL,30,323,301,64,-274.455,-0.911811
2026-01-14,CALENDAR_NULL,10,321,300,25,-282.543,-0.94181
2026-01-14,CALENDAR_NULL,30,321,304,75,-284.156,-0.934724
2026-01-15,CALENDAR_NULL,10,292,277,26,-286.826,-1.035473
2026-01-15,CALENDAR_NULL,30,292,273,58,-266.424,-0.975912
2026-01-16,CALENDAR_NULL,10,292,270,19,-293.872,-1.088415
2026-01-16,CALENDAR_NULL,30,292,272,54,-266.373,-0.979313
2026-01-18,CALENDAR_NULL,10,14,14,3,-14.224,-1.016
2026-01-18,CALENDAR_NULL,30,14,14,4,-10.834,-0.773857
2026-01-19,CALENDAR_NULL,10,160,143,12,-139.746,-0.977245
2026-01-19,CALENDAR_NULL,30,160,137,26,-134.671,-0.983
2026-01-20,CALENDAR_NULL,10,269,260,24,-237.704,-0.914246
2026-01-20,CALENDAR_NULL,30,269,249,50,-203.972,-0.819165
2026-01-21,CALENDAR_NULL,10,512,492,89,-438.821,-0.891913
2026-01-21,CALENDAR_NULL,30,512,481,144,-444.59,-0.924304
2026-01-22,CALENDAR_NULL,10,364,329,56,-269.47,-0.819058
2026-01-22,CALENDAR_NULL,30,364,327,92,-260.505,-0.796651
2026-01-23,CALENDAR_NULL,10,398,365,74,-326.355,-0.894123
2026-01-23,CALENDAR_NULL,30,398,366,106,-312.179,-0.852948
2026-01-25,CALENDAR_NULL,10,18,16,1,-23.841,-1.490063
2026-01-25,CALENDAR_NULL,30,18,16,2,-25.814,-1.613375
2026-01-26,CALENDAR_NULL,10,579,566,118,-500.341,-0.883995
2026-01-26,CALENDAR_NULL,30,579,565,156,-527.809,-0.934175
2026-01-27,CALENDAR_NULL,10,580,563,102,-538.518,-0.956515
2026-01-27,CALENDAR_NULL,30,580,553,154,-542.48,-0.980976
2026-01-28,CALENDAR_NULL,10,656,633,122,-675.17,-1.066619
2026-01-28,CALENDAR_NULL,30,656,639,177,-663.894,-1.038958
2026-01-29,CALENDAR_NULL,10,590,577,139,-667.884,-1.157511
2026-01-29,CALENDAR_NULL,30,590,579,192,-704.873,-1.217397
2026-01-30,CALENDAR_NULL,10,140,138,35,-168.579,-1.221587
2026-01-30,CALENDAR_NULL,30,140,138,59,-185.303,-1.342775
2026-01-01,FLOW_CONTINUE,10,8,8,0,-10.981,-1.372625
2026-01-01,FLOW_CONTINUE,30,8,4,2,-4.694,-1.1735
2026-01-02,FLOW_CONTINUE,10,261,240,19,-282.145,-1.175604
2026-01-02,FLOW_CONTINUE,30,261,241,41,-300.776,-1.248033
2026-01-04,FLOW_CONTINUE,10,22,21,1,-28.0,-1.333333
2026-01-04,FLOW_CONTINUE,30,22,18,6,-19.625,-1.090278
2026-01-05,FLOW_CONTINUE,10,295,273,22,-334.129,-1.223916
2026-01-05,FLOW_CONTINUE,30,295,269,52,-338.438,-1.258134
2026-01-06,FLOW_CONTINUE,10,266,251,14,-288.246,-1.14839
2026-01-06,FLOW_CONTINUE,30,266,248,33,-301.607,-1.216157
2026-01-07,FLOW_CONTINUE,10,295,277,20,-304.566,-1.099516
2026-01-07,FLOW_CONTINUE,30,295,271,47,-341.419,-1.259849
2026-01-08,FLOW_CONTINUE,10,317,299,17,-333.795,-1.116371
2026-01-08,FLOW_CONTINUE,30,317,295,50,-348.684,-1.18198
2026-01-09,FLOW_CONTINUE,10,259,245,18,-265.33,-1.08298
2026-01-09,FLOW_CONTINUE,30,259,241,40,-263.937,-1.095174
2026-01-11,FLOW_CONTINUE,10,14,14,0,-13.751,-0.982214
2026-01-11,FLOW_CONTINUE,30,14,12,0,-14.067,-1.17225
2026-01-12,FLOW_CONTINUE,10,352,334,27,-335.602,-1.004796
2026-01-12,FLOW_CONTINUE,30,352,340,54,-369.302,-1.086182
2026-01-13,FLOW_CONTINUE,10,323,307,26,-345.191,-1.124401
2026-01-13,FLOW_CONTINUE,30,323,301,58,-349.171,-1.160037
2026-01-14,FLOW_CONTINUE,10,321,300,26,-278.209,-0.927363
2026-01-14,FLOW_CONTINUE,30,321,304,74,-282.232,-0.928395
2026-01-15,FLOW_CONTINUE,10,292,277,23,-284.33,-1.026462
2026-01-15,FLOW_CONTINUE,30,292,273,57,-275.007,-1.007352
2026-01-16,FLOW_CONTINUE,10,292,270,15,-310.165,-1.148759
2026-01-16,FLOW_CONTINUE,30,292,272,45,-325.536,-1.196824
2026-01-18,FLOW_CONTINUE,10,14,14,3,-18.151,-1.2965
2026-01-18,FLOW_CONTINUE,30,14,14,2,-21.975,-1.569643
2026-01-19,FLOW_CONTINUE,10,160,143,10,-144.836,-1.012839
2026-01-19,FLOW_CONTINUE,30,160,137,20,-143.053,-1.044182
2026-01-20,FLOW_CONTINUE,10,269,260,23,-248.216,-0.954677
2026-01-20,FLOW_CONTINUE,30,269,249,41,-230.497,-0.925691
2026-01-21,FLOW_CONTINUE,10,512,492,81,-518.811,-1.054494
2026-01-21,FLOW_CONTINUE,30,512,481,134,-535.258,-1.112802
2026-01-22,FLOW_CONTINUE,10,364,329,53,-284.812,-0.86569
2026-01-22,FLOW_CONTINUE,30,364,327,79,-304.666,-0.9317
2026-01-23,FLOW_CONTINUE,10,398,365,69,-335.286,-0.918592
2026-01-23,FLOW_CONTINUE,30,398,366,100,-335.661,-0.917107
2026-01-25,FLOW_CONTINUE,10,18,16,0,-25.554,-1.597125
2026-01-25,FLOW_CONTINUE,30,18,16,2,-27.698,-1.731125
2026-01-26,FLOW_CONTINUE,10,579,566,102,-512.092,-0.904756
2026-01-26,FLOW_CONTINUE,30,579,565,159,-492.674,-0.871989
2026-01-27,FLOW_CONTINUE,10,580,563,104,-532.531,-0.945881
2026-01-27,FLOW_CONTINUE,30,580,553,161,-459.752,-0.831378
2026-01-28,FLOW_CONTINUE,10,656,633,129,-648.119,-1.023885
2026-01-28,FLOW_CONTINUE,30,656,639,168,-777.832,-1.217264
2026-01-29,FLOW_CONTINUE,10,590,577,145,-627.349,-1.08726
2026-01-29,FLOW_CONTINUE,30,590,579,205,-656.882,-1.134511
2026-01-30,FLOW_CONTINUE,10,140,138,34,-180.147,-1.305413
2026-01-30,FLOW_CONTINUE,30,140,138,58,-162.441,-1.177109
2026-01-01,FLOW_FADE,10,8,8,0,-9.527,-1.190875
2026-01-01,FLOW_FADE,30,8,4,1,-5.384,-1.346
2026-01-02,FLOW_FADE,10,261,240,25,-224.847,-0.936863
2026-01-02,FLOW_FADE,30,261,241,58,-206.185,-0.855539
2026-01-04,FLOW_FADE,10,22,21,2,-23.456,-1.116952
2026-01-04,FLOW_FADE,30,22,18,5,-23.946,-1.330333
2026-01-05,FLOW_FADE,10,295,273,33,-241.999,-0.886443
2026-01-05,FLOW_FADE,30,295,269,70,-226.072,-0.840416
2026-01-06,FLOW_FADE,10,266,251,16,-250.886,-0.999546
2026-01-06,FLOW_FADE,30,266,248,46,-231.529,-0.933585
2026-01-07,FLOW_FADE,10,295,277,34,-256.439,-0.925773
2026-01-07,FLOW_FADE,30,295,271,70,-206.355,-0.761458
2026-01-08,FLOW_FADE,10,317,299,26,-279.52,-0.934849
2026-01-08,FLOW_FADE,30,317,295,68,-254.875,-0.863983
2026-01-09,FLOW_FADE,10,259,245,21,-246.894,-1.007731
2026-01-09,FLOW_FADE,30,259,241,45,-239.985,-0.995788
2026-01-11,FLOW_FADE,10,14,14,0,-20.949,-1.496357
2026-01-11,FLOW_FADE,30,14,12,0,-17.102,-1.425167
2026-01-12,FLOW_FADE,10,352,334,24,-321.044,-0.96121
2026-01-12,FLOW_FADE,30,352,340,77,-300.034,-0.882453
2026-01-13,FLOW_FADE,10,323,307,38,-301.178,-0.981036
2026-01-13,FLOW_FADE,30,323,301,56,-291.714,-0.96915
2026-01-14,FLOW_FADE,10,321,300,30,-274.768,-0.915893
2026-01-14,FLOW_FADE,30,321,304,75,-278.347,-0.915615
2026-01-15,FLOW_FADE,10,292,277,27,-276.954,-0.999834
2026-01-15,FLOW_FADE,30,292,273,57,-277.995,-1.018297
2026-01-16,FLOW_FADE,10,292,270,37,-231.572,-0.857674
2026-01-16,FLOW_FADE,30,292,272,59,-220.778,-0.811684
2026-01-18,FLOW_FADE,10,14,14,1,-22.392,-1.599429
2026-01-18,FLOW_FADE,30,14,14,3,-18.165,-1.2975
2026-01-19,FLOW_FADE,10,160,143,15,-141.841,-0.991895
2026-01-19,FLOW_FADE,30,160,137,26,-132.06,-0.963942
2026-01-20,FLOW_FADE,10,269,260,22,-259.674,-0.998746
2026-01-20,FLOW_FADE,30,269,249,46,-254.643,-1.022663
2026-01-21,FLOW_FADE,10,512,492,93,-442.979,-0.900364
2026-01-21,FLOW_FADE,30,512,481,149,-404.01,-0.839938
2026-01-22,FLOW_FADE,10,364,329,47,-299.132,-0.909216
2026-01-22,FLOW_FADE,30,364,327,83,-274.108,-0.838251
2026-01-23,FLOW_FADE,10,398,365,60,-344.764,-0.944559
2026-01-23,FLOW_FADE,30,398,366,95,-345.537,-0.94409
2026-01-25,FLOW_FADE,10,18,16,3,-19.154,-1.197125
2026-01-25,FLOW_FADE,30,18,16,4,-16.577,-1.036063
2026-01-26,FLOW_FADE,10,579,566,118,-512.236,-0.905011
2026-01-26,FLOW_FADE,30,579,565,160,-526.247,-0.931411
2026-01-27,FLOW_FADE,10,580,563,101,-533.438,-0.947492
2026-01-27,FLOW_FADE,30,580,553,151,-583.592,-1.05532
2026-01-28,FLOW_FADE,10,656,633,143,-617.995,-0.976295
2026-01-28,FLOW_FADE,30,656,639,208,-501.307,-0.784518
2026-01-29,FLOW_FADE,10,590,577,126,-660.104,-1.144028
2026-01-29,FLOW_FADE,30,590,579,188,-643.448,-1.111309
2026-01-30,FLOW_FADE,10,140,138,29,-220.974,-1.601261
2026-01-30,FLOW_FADE,30,140,138,48,-242.615,-1.75808
2026-01-01,FLOW_AGREE,10,5,5,0,-7.417,-1.4834
2026-01-01,FLOW_AGREE,30,5,3,1,-4.897,-1.632333
2026-01-02,FLOW_AGREE,10,89,81,11,-92.673,-1.144111
2026-01-02,FLOW_AGREE,30,89,80,14,-103.327,-1.291587
2026-01-04,FLOW_AGREE,10,10,10,0,-12.605,-1.2605
2026-01-04,FLOW_AGREE,30,10,7,3,-4.121,-0.588714
2026-01-05,FLOW_AGREE,10,99,94,7,-135.126,-1.437511
2026-01-05,FLOW_AGREE,30,99,87,15,-145.726,-1.675011
2026-01-06,FLOW_AGREE,10,84,80,3,-96.866,-1.210825
2026-01-06,FLOW_AGREE,30,84,80,9,-97.171,-1.214638
2026-01-07,FLOW_AGREE,10,96,92,8,-99.586,-1.082457
2026-01-07,FLOW_AGREE,30,96,92,14,-121.774,-1.32363
2026-01-08,FLOW_AGREE,10,107,102,4,-129.223,-1.266892
2026-01-08,FLOW_AGREE,30,107,99,17,-136.006,-1.373798
2026-01-09,FLOW_AGREE,10,89,86,7,-86.99,-1.011512
2026-01-09,FLOW_AGREE,30,89,81,18,-73.84,-0.911605
2026-01-11,FLOW_AGREE,10,3,3,0,-3.211,-1.070333
2026-01-11,FLOW_AGREE,30,3,3,0,-4.371,-1.457
2026-01-12,FLOW_AGREE,10,120,114,12,-116.434,-1.021351
2026-01-12,FLOW_AGREE,30,120,119,25,-123.478,-1.03763
2026-01-13,FLOW_AGREE,10,110,106,7,-111.294,-1.049943
2026-01-13,FLOW_AGREE,30,110,104,22,-112.365,-1.080433
2026-01-14,FLOW_AGREE,10,102,96,8,-91.729,-0.95551
2026-01-14,FLOW_AGREE,30,102,96,28,-79.331,-0.826365
2026-01-15,FLOW_AGREE,10,100,94,6,-105.4,-1.121277
2026-01-15,FLOW_AGREE,30,100,93,20,-92.348,-0.992989
2026-01-16,FLOW_AGREE,10,96,92,7,-104.991,-1.141207
2026-01-16,FLOW_AGREE,30,96,93,16,-109.574,-1.178215
2026-01-18,FLOW_AGREE,10,6,6,1,-6.737,-1.122833
2026-01-18,FLOW_AGREE,30,6,6,1,-4.521,-0.7535
2026-01-19,FLOW_AGREE,10,53,48,3,-53.749,-1.119771
2026-01-19,FLOW_AGREE,30,53,45,5,-58.351,-1.296689
2026-01-20,FLOW_AGREE,10,99,99,8,-100.995,-1.020152
2026-01-20,FLOW_AGREE,30,99,94,15,-89.376,-0.950809
2026-01-21,FLOW_AGREE,10,200,194,33,-218.553,-1.126562
2026-01-21,FLOW_AGREE,30,200,187,52,-252.421,-1.349845
2026-01-22,FLOW_AGREE,10,130,122,22,-90.498,-0.741787
2026-01-22,FLOW_AGREE,30,130,119,34,-89.6,-0.752941
2026-01-23,FLOW_AGREE,10,150,135,32,-128.643,-0.952911
2026-01-23,FLOW_AGREE,30,150,134,45,-96.105,-0.717201
2026-01-25,FLOW_AGREE,10,9,7,0,-7.757,-1.108143
2026-01-25,FLOW_AGREE,30,9,8,1,-10.504,-1.313
2026-01-26,FLOW_AGREE,10,209,206,49,-168.088,-0.815961
2026-01-26,FLOW_AGREE,30,209,204,55,-166.357,-0.815475
2026-01-27,FLOW_AGREE,10,220,216,39,-210.766,-0.975769
2026-01-27,FLOW_AGREE,30,220,210,59,-141.823,-0.675348
2026-01-28,FLOW_AGREE,10,250,240,47,-278.19,-1.159125
2026-01-28,FLOW_AGREE,30,250,242,66,-284.26,-1.174628
2026-01-29,FLOW_AGREE,10,267,260,75,-290.782,-1.118392
2026-01-29,FLOW_AGREE,30,267,266,91,-296.413,-1.114335
2026-01-30,FLOW_AGREE,10,56,55,12,-73.89,-1.343455
2026-01-30,FLOW_AGREE,30,56,56,25,-41.187,-0.735482
