day,feed,entries,median_entry_spread,mean_entry_spread,markout_1s_n,markout_1s_pos_share,markout_1s_mean,markout_1s_gt_20c_share,markout_3s_n,markout_3s_pos_share,markout_3s_mean,markout_3s_gt_20c_share,markout_10s_n,markout_10s_pos_share,markout_10s_mean,markout_10s_gt_20c_share,markout_20s_n,markout_20s_pos_share,markout_20s_mean,markout_20s_gt_20c_share,markout_30s_n,markout_30s_pos_share,markout_30s_mean,markout_30s_gt_20c_share
2026-01-02,REAL,1525,0.1900000000005093,0.19266,1459,0.12406,-0.19488,0.03975,1441,0.22554,-0.19303,0.10895,1432,0.30028,-0.21962,0.19902,1439,0.3697,-0.21033,0.26407,1415,0.39293,-0.20715,0.3053
2026-01-02,SYNTH,1083,0.180000000000291,0.15976,1083,0.26316,-0.06416,0.0397,1083,0.42198,0.03817,0.23453,1083,0.84488,0.41825,0.69344,1083,0.67405,0.58488,0.62327,1082,0.62662,0.30323,0.58595
2026-01-30,REAL,402,0.2399999999997817,0.21963,401,0.28928,-0.25344,0.21197,402,0.37313,-0.35012,0.32587,401,0.40898,-0.82424,0.37905,398,0.43216,-0.87839,0.40955,398,0.44975,-0.9791,0.42965
2026-01-30,SYNTH,1211,0.1900000000005093,0.16429,1211,0.63006,0.30117,0.49546,1211,0.68869,1.02438,0.61272,1211,0.90917,2.38048,0.86953,1211,0.673,3.05044,0.66639,1211,0.60281,1.55501,0.59703
2026-02-02,REAL,1475,0.2200000000002546,0.22214,1470,0.37211,-0.19669,0.28027,1469,0.44316,-0.18756,0.38802,1467,0.46353,-0.19382,0.43695,1465,0.47099,-0.2442,0.44778,1473,0.49491,-0.15538,0.47658
2026-02-02,SYNTH,2190,0.1999999999998181,0.17788,2190,0.62557,0.28092,0.48721,2190,0.67717,0.97424,0.60594,2190,0.90548,2.2337,0.86438,2190,0.6863,2.85977,0.67169,2190,0.60137,1.45698,0.59406
2026-03-02,REAL,1827,0.1999999999998181,0.19722,1813,0.23387,-0.19365,0.13624,1795,0.30696,-0.22378,0.21838,1786,0.3757,-0.2492,0.31019,1795,0.40613,-0.20998,0.35265,1785,0.42633,-0.21943,0.38039
2026-03-02,SYNTH,2035,0.1899999999995998,0.17182,2035,0.41671,0.0034,0.13071,2034,0.56588,0.24958,0.42183,2035,0.8742,0.82228,0.77396,2035,0.68403,1.08975,0.6457,2034,0.60767,0.49821,0.58456
2026-04-01,REAL,1761,0.180000000000291,0.17977,1741,0.20276,-0.18059,0.10224,1738,0.30955,-0.1797,0.18815,1732,0.40358,-0.169,0.31178,1732,0.44284,-0.13509,0.38626,1726,0.44612,-0.1021,0.39108
2026-04-01,SYNTH,1832,0.1700000000000727,0.16496,1832,0.39465,-0.02876,0.07533,1832,0.53493,0.14027,0.35098,1832,0.87609,0.64549,0.76201,1831,0.69907,0.91992,0.66958,1831,0.64282,0.50698,0.61879
2026-05-01,REAL,1602,0.1999999999998181,0.19565,1571,0.12731,-0.2005,0.03756,1567,0.20932,-0.20416,0.09062,1569,0.31358,-0.21456,0.18866,1550,0.37419,-0.2153,0.26581,1553,0.41017,-0.19078,0.32582
2026-05-01,SYNTH,1221,0.1899999999995998,0.18139,1221,0.18264,-0.0941,0.02129,1221,0.35708,0.006,0.19001,1221,0.79607,0.38164,0.66011,1221,0.66093,0.56511,0.61589,1221,0.61589,0.28253,0.59214
2026-06-01,REAL,1306,0.2100000000000363,0.20752,1289,0.10473,-0.23381,0.04422,1273,0.20267,-0.23401,0.09819,1278,0.29734,-0.22308,0.18858,1279,0.33698,-0.2362,0.25332,1275,0.37725,-0.18004,0.29725
2026-06-01,SYNTH,1221,0.1999999999998181,0.18446,1221,0.18264,-0.09371,0.02211,1221,0.37265,0.00726,0.19328,1221,0.81409,0.40152,0.67404,1221,0.66749,0.58329,0.61916,1221,0.60688,0.23303,0.58477
2026-07-01,REAL,1535,0.1999999999998181,0.19833,1507,0.14532,-0.19067,0.0637,1503,0.23486,-0.18774,0.12109,1494,0.34672,-0.1694,0.22088,1494,0.38956,-0.18329,0.28782,1484,0.41105,-0.1498,0.32951
2026-07-01,SYNTH,1280,0.1900000000000545,0.16796,1280,0.25547,-0.0686,0.04063,1280,0.42344,0.04364,0.2375,1280,0.82188,0.4332,0.67891,1280,0.66484,0.62581,0.61562,1280,0.60234,0.31916,0.56875
